sep=2	barwidth=20	rows=18	cols=4	population=184	pseudo=0.01
//Colors and order
A	0	255	0
C	0	0	255
G	0	0	0
T	255	0	0
//Weight
A	C	G	T
0.347826086956522	0.271739130434783	0.114130434782609	0.266304347826087
0.331521739130435	0.282608695652174	0.0923913043478261	0.293478260869565
0.239130434782609	0.326086956521739	0.0978260869565217	0.33695652173913
0.298913043478261	0.266304347826087	0.146739130434783	0.28804347826087
0.293478260869565	0.271739130434783	0.125	0.309782608695652
0.228260869565217	0.217391304347826	0.146739130434783	0.407608695652174
0.168478260869565	0.255434782608696	0.135869565217391	0.440217391304348
0.260869565217391	0.25	0.141304347826087	0.347826086956522
0.16304347826087	0.358695652173913	0.141304347826087	0.33695652173913
0.195652173913043	0.309782608695652	0.0760869565217391	0.418478260869565
0.16304347826087	0.28804347826087	0.141304347826087	0.407608695652174
0.119565217391304	0.652173913043478	0.016304347826087	0.21195652173913
1	0	0	0
0	0	1	0
0.494565217391304	0.130434782608696	0.168478260869565	0.206521739130435
0.130434782608696	0.217391304347826	0.146739130434783	0.505434782608696
0.41304347826087	0.135869565217391	0.201086956521739	0.25
0.4	0.2	0.2	0.2
