sep=2	barwidth=20	rows=17	cols=4	population=78	pseudo=0.01
//Colors and order
A	0	255	0
C	0	0	255
G	0	0	0
T	255	0	0
//Weight
A	C	G	T
0.256410256410256	0.243589743589744	0.0512820512820513	0.448717948717949
0.358974358974359	0.153846153846154	0.128205128205128	0.358974358974359
0.423076923076923	0.217948717948718	0.0769230769230769	0.282051282051282
0.320512820512821	0.358974358974359	0.0897435897435897	0.230769230769231
0.320512820512821	0.269230769230769	0.0256410256410256	0.384615384615385
0.153846153846154	0.307692307692308	0.294871794871795	0.243589743589744
0.141025641025641	0.358974358974359	0.230769230769231	0.269230769230769
0.243589743589744	0.192307692307692	0.179487179487179	0.384615384615385
0.205128205128205	0.166666666666667	0.192307692307692	0.435897435897436
0.217948717948718	0.384615384615385	0.102564102564103	0.294871794871795
0.205128205128205	0.230769230769231	0.192307692307692	0.371794871794872
0.128205128205128	0.41025641025641	0.0384615384615385	0.423076923076923
1	0	0	0
0	1	0	0
0.371794871794872	0.179487179487179	0.166666666666667	0.282051282051282
0.0512820512820513	0.166666666666667	0.217948717948718	0.564102564102564
0.307692307692308	0.141025641025641	0.230769230769231	0.320512820512821
