sep=2	barwidth=20	rows=13	cols=4	population=78	pseudo=0.01
//Colors and order
A	0	255	0
C	0	0	255
G	0	0	0
T	255	0	0
//Weight
A	C	G	T
0.256410256410256	0.320512820512821	0.205128205128205	0.217948717948718
0.230769230769231	0.294871794871795	0.179487179487179	0.294871794871795
0.333333333333333	0.256410256410256	0.282051282051282	0.128205128205128
1	0	0	0
0	0	0	1
0.961538461538462	0.0128205128205128	0.0128205128205128	0.0128205128205128
0.0128205128205128	0.0128205128205128	0.0128205128205128	0.961538461538462
0.0128205128205128	0.961538461538462	0.0128205128205128	0.0128205128205128
0.0128205128205128	0.961538461538462	0.0128205128205128	0.0128205128205128
0.0256410256410256	0.0128205128205128	0.0128205128205128	0.948717948717949
0.0128205128205128	0.0641025641025641	0.0384615384615385	0.884615384615385
0.0128205128205128	0.179487179487179	0.0897435897435897	0.717948717948718
0.217948717948718	0.243589743589744	0.256410256410256	0.282051282051282
